pair,domain,chi2,p_value,df
BL25-GV4,disease,51.875,5.722797431695119e-10,5
ST25-CV12,disease,26.58762438916188,0.00039529457955073523,7
PC6-LI4,disease,84.60681216872187,5.416454600696693e-13,12
SP6-ST36,disease,150.53493668505627,1.608247681637569e-25,13
BL25-GV4,mechanism,31.000724667182343,0.0002959471646387585,9
ST25-CV12,mechanism,24.33543184525265,0.011390825593021332,11
PC6-LI4,mechanism,23.019009038359336,0.01756634463014701,11
SP6-ST36,mechanism,12.728617669281267,0.31143228569661024,11
