Site,disease_ca_dim1,disease_ca_dim2,mechanism_ca_dim1,mechanism_ca_dim2
BL25,-0.5860702429947992,1.496810794105649,0.6233083420582196,-0.23342945475775148
GV4,0.223561607653973,-0.34924497592060716,-1.399807142499475,-0.7350187961473522
ST25,-0.4411605919243272,1.2153564198744211,0.4836053686990824,-0.5366201024709678
CV12,-0.22110733251447437,0.37326839376823256,0.09012627604804554,-0.3828617629766168
PC6,1.4802451804014383,0.17510116109221943,-0.19356891317156905,0.08729875054207996
LI4,0.08677644658392174,-0.41188738694527743,-0.19518261265679795,0.026757750151599605
SP6,-0.2476096224754442,-0.4260893473621542,0.0200030856632084,0.12684500867065823
ST36,-0.12400656107889915,-0.013325984731723828,0.02483141766794635,0.04274699700192561
