component,disease_var_explained,mechanism_var_explained
PC1,0.6357735980321823,0.6511996006229244
PC2,0.16792616308267397,0.15498080129444752
