mean_r,median_r,ci_lower,ci_upper,n_iterations
0.37158511220580187,0.3765736179529283,0.16747400109469074,0.577463054187192,1000
