condition,mantel_r,p_value
original,0.4258347016967706,0.0319444444444444
other_included,0.4258347016967706,0.033596640335966405
